{
  "distribution": {
    "kind": "16d_sphere",
    "formula": "u = sqrt(16) * z / ||z||_2, z ~ N(0, I_16)",
    "dimension": 16
  },
  "sample_count": 600000,
  "seed": 1234,
  "coordinate_stats": {
    "mean_abs": 0.8104818398382957,
    "variance": 0.9999999750007654,
    "excess_kurtosis": -0.33362903801669264
  },
  "codebooks": {
    "PQ2_K": {
      "bits": 2,
      "positive": [
        0.45004323091245154,
        1.4687334832896452
      ],
      "full": [
        -1.4687334832896452,
        -0.45004323091245154,
        0.45004323091245154,
        1.4687334832896452
      ],
      "max_centroid": 1.4687334832896452
    },
    "PQ3_K": {
      "bits": 3,
      "positive": [
        0.23962428418412335,
        0.7344452014859085,
        1.2861924343075721,
        1.9960372463301053
      ],
      "full": [
        -1.9960372463301053,
        -1.2861924343075721,
        -0.7344452014859085,
        -0.23962428418412335,
        0.23962428418412335,
        0.7344452014859085,
        1.2861924343075721,
        1.9960372463301053
      ],
      "max_centroid": 1.9960372463301053
    },
    "PQ4_K": {
      "bits": 4,
      "positive": [
        0.1241763113995333,
        0.3744266273163526,
        0.6312945754347538,
        0.9003806053595368,
        1.1897151609239477,
        1.512641483140632,
        1.8954881268896916,
        2.4136357481169698
      ],
      "full": [
        -2.4136357481169698,
        -1.8954881268896916,
        -1.512641483140632,
        -1.1897151609239477,
        -0.9003806053595368,
        -0.6312945754347538,
        -0.3744266273163526,
        -0.1241763113995333,
        0.1241763113995333,
        0.3744266273163526,
        0.6312945754347538,
        0.9003806053595368,
        1.1897151609239477,
        1.512641483140632,
        1.8954881268896916,
        2.4136357481169698
      ],
      "max_centroid": 2.4136357481169698
    }
  }
}